Owner First ,Customer Number,Last Mane,Number,Street Name,Unit,City,Postal Code,Province,Owner Phone,Alternate Phone,Pet Species,Last Renewal date,Pet Name,Pet Breed,Pet Colour,Pet Sex,Pet is fixed,Tag #,Owner Email,Expiry year,Sold By,Tag Status,Rabies Expiry,Pet Status
Fitzgerald,4417,Vazquez,164,Brampton Street,,A,H1E 6T0,,(224) 243-5099,,dog,11-21-18,Nathan,Shih tzu,Black/tan,Male,Neutered,5151,vestibulum.neque.sed@duinec.edu,10-13-2016,Hedwig,,03.04.09,R
Clare,3197,Walton,8,Brampton Street,,city,J1X 5P8,,673-7848,,D,03-23-95,Zenaida,Tabby,Tri,Fem,Y,7134,Fusce@est.ca,07-03-2013,Veda,,09.07.13,A
Emerald,4117,Miller,France,Brampton Street,,city,X0N 9M1,,(254) 606-4239,1-157-461-0632,D,05-07-94,Oliver,Tabby,Tri,Neutered,S,7274,eu@Loremipsumdolor.ca,02-03-2016,Bradley,,07.27.00,A
Fleur,4519,Silva,72,Fance Place,V,CITY A,V4Y 2Z8,,1-448-437-4140,,Dog,11-15-09,Shelley,Tabby,Orange,F,Spayed,3765,montes.nascetur.ridiculus@habitantmorbi.com,12-02-2018,Aquila,,04.11.94,A
Meghan,9697,Horn,89,Fance Place,,CITY A,A2B 1W5,,819-8807,,Cat,06-18-88,Vivien,Spaniel,Tri,F,Yes,4066,Nulla.semper.tellus@nibh.co.uk,12-21-2008,Clare,,07.02.03,A
Meghan,9697,Horn,89,Fance Place,,CITY A,A2B 1W6,,819-8808,,CAT,09-08-84,Rachel,Spaniel,,F,S,1297,Nulla.semper.tellus@nibh.co.uk,04-22-2012,Jakeem,,08.16.10,A
Quintessa,4893,Bolton,155,Fance Place,,CITY B,S3X 4Z0,ON,1-705-185-3744,1-955-977-7082,Yes,05-23-88,Jelani,Shih tzu,Color,M,No,3950,dolor.quam@CurabiturdictumPhasellus.com,04-05-2001,Janna,,05.14.19,A
Hunter,1229,Mcdowell,14,Real St,A,B,J3G 2E8,,(570) 929-0427,(593) 946-5143,D,2007-12-09,Octavius,Spaniel,Blue,Y,Neutered,2550,amet.risus.Donec@morbitristiquesenectus.edu,01-01-2014,Kirestin,,08.17.09,A
Noelani,2777,Hensley,155,Brampton Street,,city,T8M 9X6,ONTARIO,(629) 506-8699,,D,11-25-02,Adrian,Spaniel,Cream,Dog,Y,8928,aliquam.adipiscing.lacus@luctussitamet.edu,04-26-2007,Owen,,10.04.97,A
Francesca,7248,Figueroa,4,Brampton Street,02-Jan,a,N3Z 1R3,,472-2993,1-470-945-6819,Dog,09-28-93,Fletcher,POOGLE,Blue,Female,S,7939,laoreet.posuere@utaliquamiaculis.ca,12-07-2015,Rylee,,07.25.16,A
Orla,3230,Castaneda,155,Fance Place,V,cit b,J5X 9M7,ON,1-317-553-0572,(163) 271-0899,Dog,01-14-01,Allen,Pom,White,Mal,Neuter,3898,Donec.sollicitudin@Etiamimperdiet.net,02-22-2016,Regan,,03.27.14,A
Holmes,9113,Valentine,74,Real St,,b,T9X 0S3,ONTARIO,498-2068,(951) 145-4716,d,06-21-94,Ariana,Malamute,Tri,Mal,S,2025,gravida@Curabiturvel.org,08-01-2002,Mira,,03.22.09,A
Barry,6254,Webb,126,Fance Place,,A,B6P 2T6,,(843) 437-4966,(308) 237-7766,d,07-26-07,Zachary,Malamute,Blue,Female,No,2322,faucibus.Morbi.vehicula@imperdiet.com,03-28-2004,Dillon,,08.22.10,A
Aladdin,5674,Valentine,91,Real St,,City b,B1A 6H3,CA,1-233-301-2758,,Cat,01-08-94,Maisie,Aust Shepherd,Black/tan,Fem,N,3302,Cras.vulputate.velit@et.com,08-23-2002,Lucian,,07.13.00,Moved
Kylan,4306,Mclean,162,Fance Place,02-Jan,CITY B,R5A 2H4,,1-355-420-8636,(650) 756-6755,Dog,03-31-09,Hedley,Aust Shepherd,Black,Female,Spayed,2810,Sed.molestie.Sed@rutrumlorem.net,08-30-2009,Scarlett,,12.19.17,Active
Ivy,6134,Weiss,8,Real St,,a,A6Z 9S2,ON,525-8217,,Yes,09-28-94,Heidi,Border,No,F,N,5287,Cras.pellentesque.Sed@facilisis.net,11-03-2017,Wayne,,12.25.97,S
Ivy,6134,Weiss,8,Real St,,CITY A,A6Z 9S3,ON,525-8218,,D,04-28-19,Kuame,Border,Tan,Spayed,Spayed,4518,Cras.pellentesque.Sed@facilisis.net,08-25-2013,Unity,,11.26.03,A
David,1559,Ross,120,Real St,,CITY B,K0S 6N7,,1-519-612-5421,(458) 967-3691,no,2004-02-03,Zelda,Maltese,Mix,M,Y,2259,eget.volutpat@ametorciUt.org or eget@test.example.com,09-19-2006,Ramona,,11.04.12,A
Logan,9737,Finley,117,Fance Place,A,City a,N5H 0B5,CA,264-7783,,Dog,2003-08-06,"Camden ""Twilnle""",Cat,White,F,Spayed,6116,inceptos@varius.com,03-14-2016,Quyn,,02.17.92,A
Xena,1913,Cruz,196,Fance Place,,b,G2C 6G4,,793-9115,,Dog,04-21-98,Rashad,Cat,Tan,F,,9773,enim@consectetuer.co.uk,07-22-2011,Noelle,,07.25.16,Removed
Tashya,6837,Rogers,38,Real St,,City b,L7E 7B9,ONTARIO,607-9256,(380) 718-4407,c,08-23-93,Colby,Shih tzu,Color,Male,Y,4054,rutrum@famesac.org,04-22-2001,Brendan,,10.20.94,A
Whoopi,1445,Golden,83,Real St,,City b,R4A 7A2,,481-5273,970-2764,D,09-11-96,Blythe,German Shepherd,Tri,Rabies,Intact,5526,odio.Etiam@utsem.ca,03-16-2003,William,,06.25.15,A
Angela,4908,Ewing,185,Real St,,A,X3Z 7B9,NB,(685) 491-2138,(415) 133-4089,c,11-16-15,Mercedes,Pom,Tri,F,Yes,2853,gravida.sagittis@Donecvitaeerat.com,01-09-2015,Cairo,,10.21.13,A
Wesley,8128,Ratliff,20,Real St,05-Jan,CITY A,V2G 3K2,CA,961-5315,678-1429,CAT,08-07-96,Matthew,Malamute,Blue,Fem,,3168,elit.Etiam.laoreet@vel.net,08-09-2004,Shoshana,,05.02.05,A
Adam,8242,Booth,136,Real St,,sity A,V1X 4S0,,843-7177,830-0301,CAT,09-19-05,Christine,Malamute,Blue,N/A,Spayed,9111,elit@velitCraslorem.co.uk,12-16-2013,Kay,,08.12.16,Active
Brianna,1406,Hutchinson,54,Real St,V,CITY A,G2M 2Y8,,(550) 579-8109,,Cat,08-03-89,Karly,Malamute,Purple,Female,Intact,2675,nisl.Nulla.eu@dignissim.ca,07-24-2019,Drake,,09.06.93,A
Quentin,8855,Cooke,86,Brampton Street,,cit b,L8H 6L4,Ontario,615-5821,612-3201,CAT,05-14-84,Porter,Shih tzu,,Neutered,Y,9780,tristique.aliquet@urna.edu,10-26-2017,Jade,,04.17.18,A
Cathleen,7007,Watts,125,Real St,,City b,J2B 4X0,NB,496-2180,(628) 291-7260,Yes,06-18-01,Amber,Malamute,Tri,Neutered,N,3655,rutrum.non@justoPraesentluctus.com,07-17-2009,Upton,,07.27.14,Active
Guy,6998,Duke,157,Real St,A,city,P6C 5B6,,1-979-182-6734,1-871-733-2072,Dog,2012-05-16,Martina,Maltese,Cat,F,No,8568,magna.Cras.convallis@AeneanmassaInteger.org;,03-03-2017,Odette,,01.15.01,Removed
Gail,7009,Walter,180,Brampton Street,,A,R6P 3X7,,(598) 765-2194,(868) 974-4644,CAT,10-09-90,Dolan,Malamute,Black/tan,Male,Yes,3693,Etiam@sedpedenec.net,09-22-2003,Hiram,,08.13.10,A
Gail,7009,Walter,180,Brampton Street,,A,R6P 3X8,,"(598) ""765-2195",(868) 97\4-4645,Cat,02-09-89,Rhona,Shih tzu,Black/tan,Male,Spayed,5677,Etiam@sedpedenec.net,04-05-2007,Quinn,,11.26.09,Removed
Gail,7009,Walter,180,Brampton Street,,A,R6P 3X9,,(598) 765-2196,(868) 974-4646,,2005-12-17,"Reece ""Banana""",Shih tzu,Cat,Fem,Spayed,5342,Etiam@sedpedenec.net,09-26-2000,Arthur,,12.30.07,Active
Ulla,5187,Hicks,120,Real St,02-Jan,B,B5Y 4A1,ONTARIO,1-808-776-2445,710-2671,Cat,06-10-91,Reece,Shih tzu,No,No,Yes,8160,per@arcuVestibulum.com,10-26-2004,Ramona,D,12.14.93,A
Bo,3269,Marshall,64,Real St,05-Jan,City a,V8V 9V2,CA,213-3181,,z,11-25-10,Lyle,Shih tzu,Purple,Female,No,4936,In.condimentum.Donec@famesacturpis.co.uk,05-28-2003,Maya,,04.22.17,A
Quemby,7248,Gill,162,Real St,,CITY A,C1X 0P7,Ontario,164-6312,701-6110,Dog,07-19-14,Karen,Shih tzu,,Y,Yes,4232,consequat@purusmauris.co.uk,01-21-2016,George,,03.02.98,S
Amela,7672,Malone,72,Fance Place,,CITY B,J4J 6V8,NB,(587) 352-2859,610-4369,Cat,12-14-83,Hope,Shih tzu,Tan,M,Neutered,5346,egestas.Duis.ac@loremDonecelementum.com; test@bademail.com,05-03-2016,Jeremy,,01.08.12,A
Inga,9349,Torres,96,Fance Place,02-Jan,City b,L2N 4Z6,QC,563-4169,1-577-572-5054,Yes,05-26-00,Axel,Spaniel,Black,F,Neutered,3017,dui@scelerisquescelerisquedui.com,03-31-2007,Dustin,,07.11.00,A
Maxwell,4186,Edwards,52,Real St,C,City a,X9H 6E8,ONTARIO,1-646-951-4967,,z,01-13-11,Kennan,POOGLE,No,Neutered,Neutered,8877,vitae@odiosagittissemper.edu,10-06-2016,Kaseem,,07.24.94,Removed
Lillith,1638,Talley,33,Real St,,sity A,T1M 7J7,NB,1-378-792-9331,(127) 379-5106,D,02-24-05,Ignacia,POOGLE,Tri,Mal,Neuter,7478,ullamcorper@mauris.com,06-19-2013,Oren,,02.01.05,A
Preston,8295,Mcdonald,10,Brampton Street,02-Jan,A,N0E 1N3,Ontario,771-5810,189-8166,D,03-31-01,Steel,Pom,Black,Mal,Intact,1823,nisi.a.odio@iaculis.edu,02-27-2009,Gage,,05.25.17,A
Shoshana,9784,Moran,195,Real St,,a,T0X 3N8,,(453) 275-7523,980-9212,Cat,06-29-91,India,Mix,,F,Neuter,7706,elit.pretium.et@feugiatplacerat.com,10-11-2004,Moses,,07.10.06,R
Elizabeth,6301,Burnett,158,Fance Place,,sity A,C7H 2V3,NB,(430) 732-0501,,d,07-18-96,William,Aust Shepherd,Black,Fem,No,8127,luctus.et.ultrices@idenimCurabitur.net,10-15-2004,Dara,,03.05.12,A
Faith,2202,Moon,47,Brampton Street,A,b,B1K 0N2,,1-797-720-3203,,d,2001-01-12,Wylie,Aust Shepherd,Black,D,Neutered,4145,in.faucibus@Fuscealiquetmagna.ca,01-11-2010,Brock,,01.26.08,Active
Phillip,6047,Vega,166,Real St,V,b,T5K 6N8,,472-0843,,Yes,04-21-01,Unity,Aust Shepherd,Black/tan,M,Spayed,8292,ante.ipsum@ante.ca,03-27-2015,Quemby,,05.02.18,S
Pamela,5808,Ortiz,95,Brampton Street,,B,V1E 8N2,,(167) 165-4766,593-9708,no,12-19-88,Dane,Mix,No,Neutered,Spayed,5849,ligula.Donec.luctus@nonummyutmolestie.edu,03-06-2005,Jasper,,04.10.01,S
Kennedy,6148,Pennington,50,Brampton Street,,CITY B,H7E 6E6,,168-3191,165-2803,d,03-16-99,Rama,Cat,,M,Yes,8136,tempor@magnisdis.net,12-21-2010,Octavia,,08.22.07,A
Channing,7174,Bennett,155,Brampton Street,,City a,K4M 1T0,,1-635-952-0455,(917) 114-7262,C,2008-09-18,Lyle,Terrier,Color,Spayed,Neutered,2530,Sed.eu@viverraDonec.ca,10-31-2003,Willow,,03.27.01,A
Zelenia,5032,Mooney,26,Brampton Street,,CITY A,N2J 5K0,,(422) 222-7087,,CAT,03-02-87,Jemima,Terrier,,Spayed,Neutered,9148,a@orci.edu and a@sheely.net,08-03-2009,Edward,,02.04.95,A
Thaddeus,4100,Ward,3,Real St,,cite b,B9H 3Y9,ONTARIO,1-662-141-5831,,CAT,02-17-91,Stacey,Tabby,Tan,M,Y,7073,mauris.elit@turpisIncondimentum.edu,09-27-2011,Kai,,09.25.16,Active
Zoe,2379,Parsons,157,Fance Place,,city,K1N 9Y2,Ontario,1-537-495-2779,,Cat,07-16-01,Prescott,Tabby,Tri,M,Y,5747,in@nibhenimgravida.ca,07-19-2002,Mara,,06.04.17,Expired
Wylie,4583,Hinton,139,Fance Place,,City A,J8R 6Y8,,1-121-870-1476,,CAT,12-16-04,Colleen,Tabby,Tan,No,Intact,9223,urna.Nullam@lobortis.org,10-02-2018,Lane,No,12.09.96,Moved
Jemima,4673,Bradford,156,Real St,05-Jan,City a,J9Y 6K7,,1-352-821-0565,1-744-217-0055,d,03-29-81,Fulton,Tabby,Cat,F,,1960,enim.consequat.purus@parturient.org,05-13-2016,Tobias,Expired,04.14.13,A
Isadora,3432,Harding,29,Brampton Street,,A,N8S 6B5,ONTARIO,430-7440,,CAT,2002-02-13,Liberty,German Shepherd,Tri,Spayed,Y,5512,sed.tortor@sodaleselit.ca,01-21-2019,Carlos,,11.18.97,A
Azalia,5139,Abbott,178,Real St,A,B,P7L 8N8,QC,408-0955,722-5203,c,07-24-03,Logan,Shih tzu,"Black/tan""""",M,Intact,1742,pharetra@enim.ca,11-01-2001,Connor,,03.08.11,A
Zelda,2579,Reeves,148,Real St,,a,T5W 1T6,,175-2930,1-704-832-2191,Cat,08-18-93,Alden,Persian,Tan,M,Neutered,5753,at.risus.Nunc@vitaeorci.edu,07-22-2006,Abigail,,01.06.06,A
Eaton,9618,Blair,39,Real St,D,City b,P8Y 6G1,ONTARIO,(899) 704-7712,,Cat,05-23-11,Veronica,Persian,No,M,Spayed,4831,quam.Curabitur.vel@insodaleselit.edu,10-13-2014,Jessamine,,09.02.03,A
Xandra,5878,Vega,43,Real St,,a,M5A 0Z4,,1-132-348-2457,,Dog,2009-08-07,Bert,Persian,Tri,M,No,2473,non@semper.org,01-21-2017,Macy,,03.25.06,A
Eleanor,1099,Harris,169,Brampton Street,05-Jan,City A,A9Y 5N3,NB,936-9041,1-150-324-9185,C,2006-10-14,Ora,Yorkie,Cat,N/A,S,9253,Integer.id.magna@tinciduntneque.co.uk,07-04-2001,Ronan,,02.14.10,A
Wyatt,5789,Holloway,168,Real St,B,CITY B,N9V 0V5,,Yes,1-465-512-0095,CAT,03-29-09,Xavier,Aust Shepherd,No,Male,Neuter,3574,Quisque.nonummy@iaculisodio.co.uk,04-29-2012,Alvin,,07.05.94,Removed
Ignatius,1448,Crosby,50,Brampton Street,,sity A,L2N 0Z3,,(626) 237-5632 sometimes 123-456-7890,149-2493,c,2001-06-10,Armand,German Shepherd,Purple,Female,Neutered,2316,dui.nec@ornareegestasligula.ca,10-08-2008,Barbara,,03.18.97,A
Mufutau,4077,Miller,18,Real St,,a,N2P 7K0,ON,1-477-689-9333,751-0396,D,11-10-91,Hyacinth,German Shepherd,,Female,Yes,5368,nec.quam.Curabitur@ornareplaceratorci.com,08-16-2008,Dane,,10.11.06,S
Cassady,9803,Witt,104,Fance Place,D,City A,G9C 1J2,,(211) 142-0623,,d,04-16-97,Cassady,German Shepherd,Blue,Female,Intact,5387,Etiam.laoreet.libero@inconsequat.ca,11-17-2014,Claire,,03.23.18,Moved
Leslie,8741,Ramos,99,Brampton Street,,city,E0A 9K5,NB,1-858-319-8706,,d,02-26-03,Tyler,German Shepherd,Cat,Female,N,5446,vulputate@ipsumPhasellusvitae.co.uk,11-01-2005,Darius,Yes,12.03.00,S
Rigel,8650,Douglas,91,Brampton Street,,CITY A,H4Y 3Z7,ONTARIO,(576) 831-2090,,D,01-19-11,Emery,German Shepherd,Purple,N/A,Intact,4634,habitant.morbi.tristique@enimMaurisquis.com,08-23-2015,Ethan,,11.20.08,A
Brendan,3683,Jennings,78,Fance Place,A,CITY A,P8J 1P7,,(875) 197-9235,,DOG,06-22-14,Zephr,Tabby,Blue,Fem,Spayed,9067,Nunc.lectus@vel.net,10-07-2004,Reagan,,05.30.15,A
Darrel,5304,Sears,177,Fance Place,,cit b,H6W 3J1,,1-141-885-8041,,DOG,2001-09-10,Dane,Yorkie,Blue,Neutered,S,8935,at@CraspellentesqueSed.edu,02-03-2012,Britanney,,03.05.09,A
Flynn,5395,Johns,10,Fance Place,,a,H0B 3V8,QC,148-8978,(715) 480-3558,Dog,03-20-05,Latifah,Shepherd,Cream,Male,Y,9930,ante@sapienmolestieorci.com,10-03-2002,Amity,,01.03.98,A
Ivy,6134,Weiss,8,Real St,,CITY A,B7W 6K7,ON,525-8218,,c,05-27-07,Jocelyn,Maltese,Black/tan,F,Neuter,8047,tincidunt.aliquam.arcu@lectusa.edu,06-24-2006,Talon,No,06.13.02,A
Price,6682,Merrill,27,Fance Place,,city,L1R 9C7,,759-4998,121-1536,d,11-20-81,Maia,Maltese,No,Mal,Yes,2734,lectus@eratsemper.org,09-15-2019,Randall,,10.16.18,A
Eaton,6111,Bridges,102,Real St,05-Jan,CITY B,M2Z 7G6,ONTARIO,(609) 113-1053,,Dog,12-14-96,Dale,Mix,Purple,F,N,1554,a.ultricies@antelectusconvallis.org,08-06-2001,Cheryl,,09.28.14,A
Eaton,6111,Bridges,102,Real St,06-Jan,CITY B,M2Z 7G7,ONTARIO,(609) 113-1054,,Dog,12-15-96,Dale,Mix,Purple,M,N,1554,a.ultricies@antelectusconvallis.org,09-16-2011,Raja,,05.29.98,A
Beau,1042,Allen,23,Real St,,CITY A,C0G 0V8,QC,1-939-808-4397,,Dog,08-31-93,Rhea,Mix,Color,Female,N,2658,"velit.eu@blandit.com; ""Testbad:""@eg/com",10-06-2013,Kennan,,02.28.99,A
Timothy,6605,Forbes,10,Real St,,CITY A,M4S 3R2,CA,(757) 181-2313,,CAT,05-04-98,Elijah,Mix,Mix,M,Neuter,6810,diam.vel.arcu@metusIn.co.uk,07-14-2001,Flynn,,08.19.00,Active
Fletcher,8025,Mills,88,Fance Place,,cit b,J7X 3T7,,861-4860,595-6319,Dog,2008-04-11,Idola,Mix,No,Mal,Y,1527,mollis.nec.cursus@consequatenim.org,09-17-2019,Nerea,,11.08.15,R
Omar,4706,Willis,1,Brampton Street,,cite b,V8E 2R1,,1-512-310-9943,1-102-525-9201,D,06-21-91,Callum,Persian,No,Spayed,No,2297,sollicitudin.adipiscing@natoquepenatibus.com,11-06-2006,Lane,,12.21.06,A
Leonard,4439,Burris,151,Brampton Street,,city,M2V 5N9,,1-827-981-6010,362-6596,Yes,02-28-87,Blake,Yes,Black/tan,M,Neutered,7035,vitae.odio@enimnisl.edu,10-08-2016,Eric,,06.07.16,A
Joshua,4537,Brooks,183,Fance Place,,cite b,B4C 1M7,,(894) 894-3130,,D,2003-07-11,Jillian,Mix,Tri,Dog,,6579,mus.Aenean.eget@feugiat.com,05-12-2012,Erin,,09.21.16,A
Sean,1010,Gamble,59,Fance Place,,CITY A,M1Y 3T4,ONTARIO,1-962-307-7964,250-1094,d,2011-04-04,Kelsey,Mix,,Neutered,S,5228,In@Cras.org,12-20-2000,Katell,,02.24.92,Removed
Tanek,7901,Cooke,31,Fance Place,,cite b,G0K 1C3,,222-9809,,CAT,04-04-97,Preston,Mix,Cat,Mal,Intact,4765,elementum@lacusNullatincidunt.ca,07-24-2011,Ian,D,12.24.08,A
Joan,9367,Maxwell,14,Brampton Street,,b,V5V 8G0,,(573) 722-4881,584-6954,CAT,08-30-16,Jason,Mix,,Spayed,Yes,9808,malesuada.vel@purusaccumsan.org,09-19-2003,Gabriel,,10.18.18,R
Amaya,7043,Trevino,175,Real St,A,City a,T2Y 4K0,,(913) 865-6015,(136) 628-6727,Dog,07-26-10,"Kyle """"",Yes,No,N/A,Intact,7282,ipsum@nullaante.org,10-22-2017,Cruz,,04.29.15,R
Elliott,3481,Shields,83,Fance Place,,b,N4E 7B8,CA,1-784-442-4514,,Yes,09-12-79,September,Mix,Black,Female,No,8144,faucibus@lobortisultrices.net,10-29-2011,Barrett,,03.15.93,Removed
Tate,7067,Dejesus,66,Fance Place,A,a,R3T 7K1,,1-446-186-2666,,dog,06-16-80,Brenden,Persian,Black/tan,Mal,Neutered,5533,iaculis.aliquet.diam@hendreritconsectetuer.com,12-27-2006,Cain,,09.03.05,A
Travis,6365,Robinson,113,Fance Place,,CITY B,S7A 7H7,,(474) 513-8318,1-507-704-4175,DOG,08-26-88,Brennan,Pom,Tri,Neutered,Y,3866,suscipit@pretiumet.net,04-04-2018,Noah,,06.24.05,A
Montana,8828,Fernandez,139,Brampton Street,,a,C9B 6E9,,647-3250,1-216-240-6700,d,05-13-85,Camilla,Pom,Purple,Male,,2727,urna.Ut@Nam.co.uk;,08-19-2017,Amir,,01.20.93,A
George,6078,Hensley,192,Real St,,a,X8A 8J5,NB,(285) 623-1828,,d,09-20-98,Daryl,Cat,,F,N,8619,Sed@justoPraesentluctus.co.uk,02-20-2016,Laurel,,01.08.06,A
Keaton,5325,Donaldson,120,Fance Place,A,city,P4S 5A9,,1-931-476-6401,,z,2009-07-04,Sonia,Maltese,Mix,Female,Neutered,9096,malesuada.fames@quismassa.net,07-28-2007,Jillian,,11.30.09,A
Acton,3853,Roberson,77,Fance Place,,b,A9J 6T4,,1-417-269-4743,1-633-190-4912,Dog,10-28-99,Miriam,Maltese,Cat,F,Y,9414,at@elit.co.uk,08-13-2003,Demetria,,06.09.16,S
Pascale,2793,Holloway,25,Fance Place,A,B,A5N 1X6,ONTARIO,538-2609,,Cat,10-25-05,Natalie,Maltese,,F,No,4084,ornare.libero@lectusconvallis.ca,12-02-2007,Fulton,,12.02.01,Active
Harriet,5984,Alvarado,158,Real St,D,City A,K1K 6S2,ON,1-494-313-7445,1-302-713-4726,Cat,03-18-86,Violet,Terrier,Tri,Fem,Spayed,9963,purus.Maecenas@fringillacursuspurus.co.uk,10-18-2017,Emerald,,05.12.96,Moved
Orson,6533,Savage,25,Fance Place,C,sity A,M8Z 9T9,QC,593-9553,(682) 607-1880,Yes,12-01-95,Lana,Persian,Black/tan,F,Spayed,9583,augue@ut.org,11-10-2004,Garth,,06.28.00,Active
Quynn,2150,Becker,25,Real St,,cite b,S0S 9Y3,,(907) 729-2772,(153) 926-7980,Yes,05-25-93,Ulla,Mix,Tan,F,Spayed,3359,magna.a@molestiedapibus.co.uk,06-05-2017,Uriah,,12.11.94,Expired
Keely,3835,Mcconnell,148,Real St,05-Jan,City b,B8V 9B0,CA,(249) 932-2233,1-838-418-8504,D,01-05-85,Mannix,Poodle,Color,M,Intact,8073,ligula.eu.enim@rutrum.com,02-28-2014,Vernon,,07.16.07,A
Kaseem,5082,Hawkins,103,Real St,A,cit b,B2E 0Z0,Ontario,218-3024,,Dog,04-18-93,Ciaran,Poodle,No,M,Intact,4291,dolor.dolor.tempus@Sed.ca,09-09-2002,Kameko,,07.16.95,Moved
Christopher,2799,Erickson,173,Real St,,CITY B,R2W 5Z2,,1-473-470-9272,1-569-800-6920,Cat,09-14-12,Cyrus,Terrier,Black/tan,Male,No,7337,felis.purus@idrisus.org,06-14-2018,Octavius,,06.11.04,A
Yen,7361,Mayer,14,Fance Place,,CITY B,V1E 7Y1,QC,215-5401,1-949-102-4574,,12-21-95,Holly,Terrier,No,F,Neutered,4691,Suspendisse@commodoauctor.net,03-21-2005,Shoshana,,04.27.13,Active
Chastity,1626,Sellers,96,Fance Place,,B,G4J 3E1,CA,968-5146,(837) 150-7412,Dog,12-05-89,Gabriel,Maltese,Cream,Dog,No,9762,tempor.arcu.Vestibulum@aultriciesadipiscing.com,02-21-2005,Tanek,,06.22.99,A
Cedric,7493,Alston,43,Brampton Street,,b,M6X 4L1,,(647) 929-9804,1-536-582-9199,Dog,06-09-85,Ray,Tabby,Cream,F,Y,8019,aliquam.eros@miacmattis.ca,09-07-2015,Slade,,01.26.17,Active
Cedric,7493,Alston,43,Brampton Street,,b,K7H 0R8,,(647) 929-9805,1-536-582-9200,Dog,04-09-97,Cameron,Tabby,Orange,F,Yes,1700,aliquam.eros@miacmattis.ca,04-11-2008,Demetria,Expired,08.13.06,A
Ryan,1939,Reyes,187,Real St,,sity A,N0M 1M7,,(214) 831-4434,(303) 591-5080,d,10-22-09,Frances,Tabby,White,F,S,6415,eu@nuncQuisque.co.uk,06-28-2016,Jin,,03.25.12,Removed
Randall,1763,Cain,63,Brampton Street,,city,M1J 8C9,,(765) 660-9424,(413) 627-5239,DOG,09-20-88,Mia,Terrier,Black/tan,Fem,No,1577,Aliquam@sem.edu,07-01-2018,Robin,,12.17.94,A
Jermaine,6113,Buchanan,179,Real St,C,cite b,,,1-471-738-3995,256-4939,d,2003-02-08,Hu,Terrier,Blue,Male,Yes,4281,vestibulum@in.com,09-13-2009,Martena,,04.26.94,A
Alexis,3061,Hudson,30,Fance Place,B,CITY B,B4X 8R1,QC,1-823-849-7929,,no,07-04-97,"Winter ""tazer face""",Terrier,Orange,F,Y,4023,,02-01-2013,Burke,,07.29.13,Removed
Edan,2060,Fox,123,Fance Place,,City A,M2H 8Z2,NB,1-973-440-3445,(722) 474-9329,CAT,12-15-88,Jelani,Terrier,,Dog,S,1489,arcu.Vivamus.sit@Sedetlibero.ca,07-22-2003,Garrett,,09.22.00,Active
Neil,7834,Steele,192,Brampton Street,C,City a,H1C 5K4,Ontario,(922) 530-5251,,no,12-15-81,Erasmus,Terrier,No,Male,Neutered,3616,amet@dolorsitamet.org,08-26-2010,Shoshana,,01.11.03,A
Imani,6061,Fletcher,94,Fance Place,,CITY A,E4E 8Z7,CA,529-9087,(897) 628-5897,no,2003-04-09,Evan,Pom,Orange,M,N,6188,urna.suscipit.nonummy@estarcuac.com,08-15-2004,Brittany,,05.09.07,S
Erich,6198,Salazar,109,Fance Place,,a,E0X 1C7,,502-3289,(869) 905-4949,Dog,03-17-16,Micah,Tabby,White,F,S,5601,non.quam@tincidunt.net,03-30-2003,Amy,D,02.14.96,Removed
Gretchen,7309,Patel,55,Brampton Street,,A,J7M 2A8,,(798) 664-9913,(934) 872-3545,c,11-08-96,Kathleen,Tabby,Mix,Y,Neuter,2966,scelerisque@Nuncsollicitudincommodo.com,10-05-2017,Perry,,04.16.00,Active
Ivy,6134,Weiss,8,Real St,,CITY A,Y7T 8Z2,ON,525-8218,,DOG,06-12-98,Kadeem,Shih tzu,Purple,Female,N,6016,Quisque.tincidunt@non.co.uk,12-07-2001,Thomas,,09.04.16,A
Ria,4128,Sosa,187,Real St,,a,M3T 0W1,,546-8543,(888) 980-0091,Yes,02-03-91,Malik,Shih tzu,Blue,Female,N,1181,felis.purus@lobortisaugue.co.uk,09-25-2002,Serina,,07.14.07,Expired
Chadwick,5190,Ayala,103,Real St,D,city,A4B 6C7,,413-5487,922-4381,C,2005-02-11,Rhoda,Shih tzu,No,M,N,3072,sapien@loremutaliquam.com,07-23-2006,Armand,,03.04.05,S
Allistair,7998,Franklin,157,Brampton Street,,A,B6V 3B5,ONTARIO,879-8779,,d,06-24-97,Jason,Cat,Mix,M,S,4329,magnis.dis@tempus.edu,07-29-2015,Nadine,,04.21.19,Active
Paki,2709,Williamson,7,Brampton Street,,CITY A,M6C 5R6,,599-8722,(244) 113-6382,Dog,05-09-95,Kathleen,Poodle,Color,Fem,Intact,4210,velit@rhoncusProin.net,11-21-2002,Dante,,03.28.94,A
Joan,2108,Lindsey,70,Fance Place,,city,T6X 1C3,,641-3007,,DOG,08-17-15,Asher,Poodle,Tan,F,N,4693,arcu.Aliquam.ultrices@pellentesquea.edu,06-30-2009,Amos,,03.12.01,A
Cailin,7423,Orr,17,Real St,,b,J2V 0Y5,,920-3030,,Cat,04-15-82,Eagan,Poodle,Tan,M,S,4685,Donec@arcu.ca,02-20-2003,Rae,,07.27.05,R
Dorothy,4051,Snyder,140,Real St,,sity A,R3V 6E0,,1-164-632-6708,1-19-652-1807,Dog,11-11-98,Olivia,Poodle,Black,F,Spayed,4009,non.sapien@ultriciesligula.edu,10-15-2018,Lynn,,02.11.00,A
McKenzie,7821,Reilly,63,Brampton Street,,sity A,S9L 2J1,,(626) 353-6808,687-9769,c,2003-12-04,Dominic,Poodle,Color,F,Neutered,5365,pharetra.Quisque@sitamet.org,12-12-2017,Josiah,Canceled,05.15.96,A
Zane,8552,Daniels,89,Brampton Street,V,City b,R3L 7P6,,(117) 560-0334,694-0967,CAT,2004-04-13,Colette,Shih tzu,No,Spayed,Y,9931,amet@vitaesemperegestas.com,06-03-2017,Marsden,,03.28.00,A
Wing,6539,Faulkner,123,Brampton Street,,City A,B4K 6K9,,1-177-597-8702,1-111-358-9871,Yes,07-22-86,Adrian,Maltese,Blue,F,Intact,3274,enim@liberoestcongue.net,07-29-2003,Emerald,,11.26.94,Active
Kevin,3589,Lester,117,Brampton Street,,city,N3B 3A8,CA,1-241-111-0917,1-641-594-7418,dog,07-10-87,Kibo,Maltese,White,M,Intact,8671,elit.pellentesque.a@Sed.ca,03-03-2007,Francesca,,01.20.98,A
Sean,3377,Joyce,166,Fance Place,,a,X1P 7G6,,1-512-344-4421,201-5318,Cat,2004-09-04,Chaney,Maltese,Mix,M,N,9002,nisi@placerat.net,04-26-2004,Zahir,,11.21.97,Expired
Devin,6072,Barry,129,Real St,05-Jan,cit b,K7C 3T4,Ontario,1-447-883-1477,1-843-144-4366,Dog,06-06-92,Zena,Maltese,Tri,No,Intact,2360,lectus.ante.dictum@cursuspurusNullam.edu,08-08-2002,Colby,Canceled,05.05.16,A
Emma,9516,Black,87,Fance Place,,B,M3S 6T9,CA,768-2827,,Cat,2007-09-13,Hasad,Yorkie,Tan,M,Yes,3205,eu.turpis@variusultrices.net,10-23-2010,Quinn,Canceled,02.13.98,A
Risa,8162,Black,191,Fance Place,05-Jan,CITY B,R6R 4K5,ONTARIO,220-5561,1-274-750-9926,DOG,01-31-17,Patience,Yorkie,Cat,Fem,Intact,7110,non@est.edu,01-27-2003,Raja,D,12.04.00,Expired
Elijah,9206,Ratliff,16,Fance Place,,city,M7H 4M1,ON,1-483-697-9383,1-973-935-8551,DOG,09-27-80,Gareth,Shih tzu,Purple,Spayed,Neuter,6356,non@sociisnatoque.net,07-29-2006,Keelie,,06.24.06,S
Erin,5155,Cervantes,176,Fance Place,,A,R1N 0L2,ON,1-430-927-3971,(690) 565-2919,D,10-21-10,Inez,Shih tzu,Orange,Female,No,5575,Sed.eu@augue.org,02-15-2012,Lani,,03.29.08,S
Cedric,7493,Alston,43,Brampton Street,,b,T1Y 6N5,,(647) 929-9805,1-536-582-9200,CAT,01-06-98,Caleb,Yorkie,Black/tan,Female,Y,2488,Nunc@hendreritneque.edu,09-22-2014,Jessamine,,06.02.16,Expired
Joan,2249,Kidd,11,Fance Place,A,B,Y1Z 0X2,,(815) 814-2916,,Dog,2004-08-06,Rashad,Yorkie,Color,M,Yes,2329,lectus.quis@ornareliberoat.org,12-08-2003,Keaton,,03.16.92,A
Fitzgerald,6639,Gonzales,82,Real St,A,CITY B,G7K 8X1,NB,(865) 754-2715,,Dog,07-10-85,Alice,Tabby,Purple,Male,No,2109,Phasellus.dapibus@Pellentesquehabitant.com,11-06-2017,Garrison,,05.02.99,A
Charity,9447,Hodges,70,Real St,,CITY B,X9V 5S4,ON,251-1722,(370) 878-61\31,Yes,09-05-98,Kelsie,Mix,White,M,Yes,3606,erat@sed.net,09-22-2008,Drew,,12.03.09,A
Malik,5105,Gray,153,Brampton Street,05-Jan,a,B2H 1P2,CA,806-3576,,CAT,09-26-10,Cameran,Mix,Tri,D,Y,6348,123-456-7890,02-02-2016,Martin,,10.13.99,Active
Lane,5382,Finch,44,Real St,,A,V7S 5C3,,366-4013,899-1489,D,02-18-17,Jasmine,Mix,Black,Rabies,Intact,4752,et.ultrices.posuere@mauris.com,05-14-2007,Larissa,,11.23.06,Removed
Lacy,7497,Mcbride,68,Real St,,A,P1K 8K3,CA,1-578-366-8990,,Dog,05-17-80,Hannah,German Shepherd,Blue,Dog,Intact,7925,Cras.interdum.Nunc@sapien.net,02-03-2015,Reagan,,02.15.04,A
Doris,7603,Hicks,34,Real St,,a,K6K 4W7,NB,1-187-856-5474,1-811-330-6088,CAT,2001-10-01,Peter,Terrier,Blue,Male,YEs,6762,non.leo.Vivamus@enimnonnisi.net,12-09-2013,Victoria,D,04.07.12,Moved
Meredith,4520,Glenn,9,Fance Place,,a,X9B 9J7,CA,155-0688,343-4365,CAT,03-05-84,MacKensie,Border,,Male,Intact,6584,nec.enim@Vestibulum.co.uk,08-21-2008,Alana,Canceled,06.07.11,A
Harlan,4494,Albert,75,Fance Place,,city,G0G 9N4,,(862) 934-4556,1-667-657-5733,d,05-24-13,Tobias,German Shepherd,Purple,N/A,S,4856,tincidunt.dui.augue@Phasellus.ca,07-18-2009,Tatum,,07.20.07,Expired
Matthew,7088,Garcia,32,Real St,,sity A,T4H 0T1,NB,(304) 777-3551,,DOG,12-21-14,Debra,German Shepherd,,M,Y,1827,eget.dictum.placerat@laciniamattis.com,06-14-2018,Dustin,,09.13.10,Active
Katell & Tanya,6986,Patton,174,Fance Place,,cit b,B3S 7H5,Ontario,134-9034,683-6194,C,02-20-86,Faith,Yorkie,Tan,M,Neuter,9997,ligula.Aenean@nequeNullam.com,01-25-2010,Kane,,01.23.15,Removed
Xander,9953,Zimmerman,94,Real St,,city,M0M 9K8,QC,(362) 370-4359,(873) 634-1089,DOG,03-31-17,Sebastian,Persian,Black/tan,Dog,No,3916,semper.auctor.Mauris@facilisis.ca,01-28-2012,Cody,Yes,03.27.93,A
Roth,7302,Cooke,164,Brampton Street,D,a,Y2P 2S0,ONTARIO,(984) 330-8272,1-993-615-9430,z,05-24-93,Preston,Persian,Tri,Mal,Yes,1143,Mauris.vestibulum@luctuslobortis.edu,12-04-2003,Drew,No,12.02.00,S
Roth,7302,Cooke,164,Brampton Street,D,a,Y2P 2S1,ONTARIO,(984) 330-8273,1-993-615-9431,Cat,01-29-95,Jada,Persian,Color,Mal,S,3196,Mauris.vestibulum@luctuslobortis.edu,06-20-2018,Todd,,10.11.92,Not Active
Roth,7302,Cooke,164,Brampton Street,D,a,Y2P 2S3,ONTARIO,(984) 330-8275,1-993-615-9433,Cat,05-25-06,Lars,Yorkie,Black/tan,Spayed,Spayed,4486,fringilla.purus.mauris@adipiscinglobortisrisus.org,05-10-2013,Garrison,D,05.09.16,S
Zoe,1659,Martin,67,Real St,,a,H0E 8N1,QC,189-8492,,CAT,07-01-82,Jessamine,Terrier,White,D,Y,1216,convallis@accumsan.edu,05-13-2005,Jacob,C,07.20.93,A
Armando,1842,Charles,68,Real St,B,a,P4G 8A1,,1-105-698-0091,(963) 922-6772,Dog,09-24-10,Jada,Terrier,Mix,Y,Y,1652,vehicula.risus.Nulla@elitpharetra.edu,01-20-2018,Guy,,05.27.95,Moved
Brody,8411,Dominguez,69,Fance Place,05-Jan,cit b,L4C 0V2,ONTARIO,1-927-740-5884,(119) 420-0066,Dog,03-03-85,Lev,Pom,Color,N,Yes,1167,feugiat.nec.diam@temporbibendumDonec.com,01-20-2004,Judith,,11.08.98,Moved
Jolie,6808,Kirby,178,Real St,,sity A,M4A 9C5,ON,1-331-201-5698,,Dog,07-07-87,Randall,German Shepherd,Tan,F,Neutered,8902,pede@turpis.org,04-19-2018,Ina,,12.15.01,S
Echo,3695,Russo,79,Real St,C,CITY B,A6H 5M7,NB,1-339-337-8116,714-6292,Dog,03-17-03,Alexander,German Shepherd,Black/tan,F,Neuter,8291,mi.ac.mattis@lobortisClassaptent.co.uk,01-15-2015,Ian,,10.15.94,A
Roth,7302,Cooke,164,Brampton Street,D,a,Y2P 2S2,ONTARIO,(984) 330-8274,1-993-615-9432,DOG,01-31-86,Garrett,Yorkie,Tan,Mal,Intact,2020,,11-22-2010,Stella,,05.29.03,a
Jasper,5694,Bailey,170,Real St,,sity A,G1T 0H4,CA,(568) 725-0522,1-988-457-8702,Dog,02-23-86,Norman,German Shepherd,Tri,Mal,S,8812,ut@ornareegestasligula.org,03-04-2010,Bethany,,01.09.92,S
Breanna,2190,Pollard,154,Real St,05-Jan,CITY A,X4B 6H3,,966-4254,1-825-171-5653,d,09-22-18,Zephania,German Shepherd,Tri,Female,N,3937,orci@nuncid.edu,02-07-2009,Jasper,,12.26.00,A
Emery,9773,Britt,84,Real St,C,CITY A,R6R 4R1,QC,1-198-831-3498,,C,11-14-94,Gannon,Yes,Tri,Female,N,5367,ante.Maecenas.mi@nonante.org,11-22-2008,Burke,,02.06.14,A
Camille,7183,Hull,24,,B,b,T0M 9G4,,1-327-449-1081,,c,01-28-12,Peter,Cat,Tri,F,Spayed,7361,Nullam.vitae.diam@tempus.com,03-02-2008,Herman,,08.24.98,A
Deacon,4161,Kelly,106,Brampton Street,,cit b,V9V 6X0,QC,1-757-969-2270,(330) 132-1876,CAT,02-13-86,Rajah,Cat,Mix,N,No,3984,Morbi.metus.Vivamus@nunc.co.uk,11-06-2015,Nichole,,09.05.07,A
Hyacinth,6501,Fernandez,195,Real St,,city,T8C 8Z6,,1-858-811-4523,1-269-270-8587,c,12-22-04,Steven,Cat,Black/tan,M,Intact,6412,ornare.tortor.at@laoreetliberoet.net,02-09-2018,Rowan,,03.25.17,S
Bell,2745,Cruz,115,Real St,,A,B4W 4K8,,(329) 809-8785,(293) 990-0751,DOG,04-29-95,Aaron,POOGLE,Mix,M,Y,7984,nec.leo.Morbi@tellusnon.net,05-26-2003,Cleo,,08.14.14,Moved
Lars,8453,Knowles,38,Brampton Street,,CITY B,P0E 9B1,ON,1-727-120-1288,(128) 332-9052,c,11-19-14,Kristen,Cat,White,M,Yes,3956,massa.non.ante@convallisin.org,09-03-2017,Bernard,,05.01.99,A
Louis,7874,Sharp,39,Real St,,City A,P0E 8N7,CA,(624) 620-7334,,Dog,05-27-82,Jade,German Shepherd,Cream,M,N,1089,sapien.imperdiet@aliquam.edu,08-10-2014,Aubrey,,06.20.17,A
Isaac,7059,Ramsey,47,Fance Place,,b,T1B 3P9,,1-597-179-6334,354-5527,C,03-29-01,Bethany,German Shepherd,,M,Intact,6275,nulla.at.sem@malesuada.co.uk,03-04-2014,Ali,,12.14.00,A
Jennifer,3038,Foster,152,Real St,,city,B7V 9V6,NB,1-765-207-5926,1-496-555-3418,Cat,08-22-94,Preston,German Shepherd,Orange,M,No,3601,nulla.ante.iaculis@dolor.net,01-08-2017,Beck,,06.02.95,
Vivien,4684,Edwards,115,Real St,02-Jan,city,M2T 8M2,,(184) 238-7035,,CAT,11-08-80,Kirk,Aust Shepherd,Blue,F,Yes,9580,elit@Quisque.co.uk,09-10-2000,Malcolm,,11.19.98,Removed
Barry,1068,Macias,25,Fance Place,02-Jan,sity A,Y1V 8G0,,(932) 903-1383,,C,08-11-92,Carly,Aust Shepherd,,F,Yes,9609,volutpat.nunc.sit@eu.ca,06-08-2017,Shana,,07.17.06,A
Nathan,1765,Santiago,38,Brampton Street,,B,Y5B 8T4,,898-9049,,CAT,04-24-03,Aladdin,Spaniel,Tri,F,Intact,4395,nec.enim.Nunc@erat.co.uk,06-12-2019,Linda,Expired,11.05.04,Moved
Hilel,6742,Valenzuela,94,Fance Place,,a,R1X 4B5,,1-462-277-7921,(538) 216-9892,Dog,04-04-91,Florence,Spaniel,Black,Dog,S,7128,et.arcu.imperdiet@semPellentesque.org,07-18-2008,Nigel,,03.15.99,A
Jonas,6184,Delaney,102,Fance Place,B,B,Y1V 2K7,,340-3790,1-679-829-0628,d,03-28-99,Aphrodite,Spaniel,Cream,Female,Intact,3167,sed.tortor@tristiqueneque.net,01-01-2014,Fleur,,01.01.14,Moved
Matthew,4791,Sears,16,Brampton Street,A,B,P3E 6A9,,(183) 240-9264,511-3451,Dog,04-08-95,Shana,POOGLE,Blue,F,N,6639,molestie.tortor@ametmetus.com,12-17-2014,Macy,,12.08.18,Active
Gretchen,1421,Becker,90,Brampton Street,,a,B7B 3J2,Ontario,(592) 166-9686,,Cat,03-27-88,Jackson,Border,Tri,F,Neuter,3590,lacus.Mauris.non@sapiencursusin.com,11-20-2005,Stewart,,10.10.18,Moved
Zahir,5759,Mckenzie,139,Brampton Street,A,city,P5N 6B9,NB,392-3801,1-382-194-6709,c,10-11-00,Macey,Yorkie,Purple,F,Neutered,5093,mattis.Integer@Suspendissealiquetmolestie.ca,06-08-2014,Maris,,05.15.12,A
Jenna,7432,Emerson,131,Real St,,sity A,T0R 7N3,,1-968-555-9667,(694) 222-0412,c,10-21-06,Uriel,Yorkie,Purple,F,N,2441,nec@Suspendisse.edu,04-27-2019,Ashely,,09.02.07,A
Chelsea,1189,Harper,21,Real St,,sity A,J0X 6J1,,(580) 573-0252,,DOG,03-10-82,Rajah,Pom,Cat,Female,Intact,7665,sed.est@magnaa.com,12-18-2013,Hedda,,09.19.05,A
Sasha,9043,Puckett,102,Brampton Street,A,B,X1V 5C7,ON,(517) 711-0047,,c,2005-06-12,Kadeem,Aust Shepherd,,Girl,Spayed,4798,non.enim@vulputateeuodio.org,03-28-2014,Lara,,04.01.02,
Sage,5992,Peters,108,Real St,,CITY B,P2E 8V6,,1-816-805-6336,,Yes,2010-07-16,Rina,Cat,Purple,D,Y,1526,Nullam.suscipit.est@vulputateveliteu.ca,01-15-2001,Burke,,02.23.01,Active
Shelley,4649,Bryant,188,Real St,,cite b,R8J 7E0,,(114) 382-9599,,d,01-03-86,Warren,Terrier,Purple,Y,Spayed,2086,nec.ante@montesnasceturridiculus.net,10-18-2013,Amaya,Sold,11.12.09,A
"Christopher ""Chris""",3210,Kline,144,Fance Place,,City A,N7E 0T9,,416-9120,726-4020,C,05-12-98,Quin,Terrier,Color,M,N,7070,Ut.tincidunt@loremvitaeodio.co.uk,08-24-2008,Renee,,06.09.06,Active
Sierra,2939,Waters,176,Fance Place,,City b,B9H 1X8,NB,(849) 198-7594,,d,10-26-18,Daquan,Mix,No,M,Yes,4768,Aliquam@dapibus.org,04-17-2016,Hayes,,07.27.92,Expired
Maggy,8093,Wells,187,Fance Place,,B,Y8V 6N8,ONTARIO,1-650-391-2595,,c,10-20-99,Nigel,Mix,Cream,M,S,2558,vitae@semconsequatnec.org,06-14-2010,Tyrone,,06.10.17,Removed
Ferris,9676,Albert,170,Brampton Street,02-Jan,City b,P8K 5G5,,(284) 492-1513,,Dog,12-06-00,Fallon,Mix,Mix,Dog,Intact,7559,In@nisiMaurisnulla.com,07-08-2013,Hoyt,,11.14.15,A
Ebony,3175,Good,178,Fance Place,A,a,J6B 9H8,,518-0357,1-277-206-1745,D,12-29-02,Diana,Tabby,Orange,Rabies,Neuter,3083,vitae@Lorem.edu,03-05-2018,Paul,Canceled,04.19.08,Active
Fletcher,2710,Cameron,126,Brampton Street,B,CITY A,J6A 0R4,Ontario,(153) 623-1929,,Dog,08-30-84,Marvin,German Shepherd,White,Mal,Y,3676,tincidunt.aliquam@purus.ca,06-30-2017,Jena,,08.11.17,A
Eve,3760,George,168,Real St,,city,T2C 4M4,,(430) 514-9128,1-210-956-0377,Yes,11-25-88,Martha,German Shepherd,,F,S,1388,enim.non.nisi@dictum.edu,11-10-2008,Axel,,11.05.12,Removed
Kiayada,7688,Caldwell,24,Brampton Street,A,A,R3N 8H1,Ontario,(731) 458-7391,,Dog,06-24-02,Darius,German Shepherd,White,N,Spayed,8416,habitant@erat.edu,09-20-2006,MacKensie,,05.15.16,Expired
Steven,1257,Gonzales,108,Brampton Street,,City a,G9N 8Z2,Ontario,1-914-773-9453,,no,09-10-94,Kirsten,Persian,White,Rabies,Neuter,5589,eu@dictumaugue.edu,09-04-2002,Donovan,,03.20.98,Active
Abel,3578,Lara,94,Fance Place,,CITY B,E8A 0C8,,604-6024,1-253-480-5400,Cat,04-07-90,Donna,Persian,Tri,Fem,Neutered,7163,ullamcorper.eu@dolor.ca,12-22-2018,Owen,,03.08.17,Expired
Debra,4301,Miles,22,Real St,02-Jan,City b,R3H 2Y3,,1-910-464-6563,(123) 563-9388,DOG,10-25-83,Shaeleigh,Persian,White,M,No,3096,nisi.magna@magna.com,06-23-2010,Donovan,,02.01.05,A
Mollie,4297,Valenzuela,148,Real St,A,B,R3E 9Z4,Ontario,(730) 193-6848,,CAT,05-27-11,Ariel,Terrier,Tri,N/A,Y,9152,lacinia@Vivamus.com,02-06-2019,Hunter,,04.17.10,A
Quemby,7248,Gill,162,Real St,,CITY A,K5X 5C7,Ontario,164-6312,701-6110,C,05-04-98,Kitra,Terrier,Mix,Spayed,No,6624,Cum.sociis.natoque@inaliquet.co.uk,01-28-2012,Aimee,,08.24.05,A
Quemby,7248,Gill,162,Real St,,CITY A,K5X 5C8,Ontario,164-6312,701-6110,CAT,03-10-95,Kalia,Terrier,Black,D,Y,6460,Cum.sociis.natoque@inaliquet.co.uk,07-03-2004,Bree,,07.12.93,A
Delilah,3182,Erickson,119,Fance Place,,cit b,T0P 1V4,,1-883-136-3158,,Dog,11-17-13,Nelle,Border,Black,Rabies,N,5254,ipsum.ac.mi@quamvel.net,10-23-2016,Delilah,,07.06.11,A
Sasha,9043,Puckett,102,Brampton Street,A,B,X1V 5C7,ON,(517) 711-0047,,Cat,12-08-94,Hunter,Yorkie,Orange,Rabies,S,1405,erat.Vivamus.nisi@velvenenatis.net,06-01-2008,Valentine,,12.05.93,Active
Clark,1359,Trevino,127,Brampton Street,A,sity A,R3N 8S4,Ontario,(213) 188-5826,,Dog,08-02-98,Jacqueline,Yorkie,No,Y,Neutered,4811,mus.Donec.dignissim@Suspendisse.edu,05-14-2013,Cecilia,,06.27.92,Expired
Nigel,6703,Hoover,148,Brampton Street,,cite b,H9E 0X3,,1-858-347-2497,,dg,02-28-07,Fletcher,Yorkie,Tri,Dog,Felp,8330,diam.dictum.sapien@disparturientmontes.edu,12-05-2018,Portia,,10.13.04,A
Shellie,3921,Kirby,70,Brampton Street,,CITY A,P6X 8W4,ON,(205) 418-5010,(117) 290-3044,c,07-24-90,Rebecca,Yorkie,Tan,Fem,Spayed,2572,iaculis.enim@Praesenteudui.co.uk,07-09-2016,Edward,Sold,11.01.11,Removed
Stuart,1663,Nash,135,Fance Place,,sity A,X7T 1M4,,(869) 439-6770,709-5411,CAT,04-28-82,Hilda,Cat,Cream,N,Intact,9882,Etiam@Pellentesquehabitant.co.uk,03-03-2011,Rylee,,09.27.93,Active
Quemby,7248,Gill,162,Real St,,CITY A,X0H 3J5,Ontario,164-6312,701-6110,D,03-04-82,Scarlet,Poodle,Mix,M,Yes,7014,massa@lobortis.net,11-02-2001,Buckminster,,04.27.08,A
Chancellor,2085,Colon,140,Real St,,City A,B7P 7S3,,212-0268,(993) 887-5714,Cat,07-22-07,Ayanna,Poodle,Mix,M,Intact,9014,est.arcu@Integerin.edu,10-16-2014,Iona,,09.14.17,A
Wayne,4403,Martin,190,Real St,,a,B6J 9M9,NB,(134) 956-9256,(908) 149-9000,Dog,01-28-06,Virginia,Maltese,,M,Intact,2104,,09-22-2002,Kieran,,06.01.10,Removed
Kareem,2501,Ferrell,132,Brampton Street,,City A,S4N 3E3,,250-5821,,,09-05-97,Summer,Maltese,Blue,Rabies,N,4404,Nam.consequat.dolor@ipsumdolorsit.co.uk,04-16-2015,Donna,,09.07.01,Moved
Armand,7525,Langley,74,Brampton Street,C,b,L4P 3W1,Ontario,(572) 135-8520,,no,11-04-98,Dexter,Maltese,Purple,M,N,9725,nibh.sit@malesuadavelconvallis.ca,08-27-2002,Perry,,11.27.05,Active
Jonas,5173,Malone,77,Real St,,sity A,R7H 7G8,QC,1-328-864-0577,(946) 115-5902,Cat,12-09-95,Barry,Maltese,,Male,Neutered,1265,eu.neque.pellentesque@nonmassanon.edu,11-17-2007,Justine,,09.05.99,Active
Eagan,3837,Holloway,33,,,CITY A,N2G 2L3,,(128) 314-0737,(707) 298-9116,DOG,12-11-94,Nathan,Malamute,Black/tan,F,Neutered,1194,dui@urnaNunc.org,12-04-2015,Christian,,06.09.18,A
Chaim,5760,Schmidt,116,Real St,02-Jan,city,R9R 1B5,,1-458-536-4050,Sometimes call my vet at 1234567890,Dog,08-02-92,Sara,POOGLE,,F,Yes,2042,scelerisque@ametorciUt.com,08-06-2018,Basil,,02.01.95,Removed
